x,y,moon_id
0.6210707840590908,-0.5336104375962677,1
0.7698452280283505,-0.7449617928788389,1
-0.7550584357805968,0.7795787045772703,0
0.23660394438984778,0.9903672840408887,0
1.9691981668229959,0.3221591708780463,1
-0.0890783040989656,0.15768587783104976,1
-0.5869124453624255,0.6854572468876106,0
1.222068674062494,-0.632421936181023,1
2.01223206874276,0.34026657364691537,1
0.9439491192960388,0.4716374509108048,0
1.4760888669441705,-0.6059816922907869,1
-0.9622382632669965,0.2411878182891945,0
-0.9605427683394124,0.17940808398792374,0
-0.4260917160963039,0.8925082761810699,0
-0.8479146817345352,0.46726085572258413,0
0.9804266908950382,-0.6950554081534925,1
1.1552802783553073,-0.7413356861365991,1
0.08050843844062322,0.9749964804072353,0
-0.04448321671807447,0.15057763438428443,1
0.8204415049414407,0.5018330830403219,0
0.3121201417928085,-0.5102938525570037,1
-0.5981181735088651,0.8103647874198049,0
-0.9423946608298022,0.3917437966026994,0
-0.9910446987122146,0.20063040858177786,0
0.9181760766612157,0.31454622735619897,0
0.8288970664197813,0.32643074814310535,0
-0.13531360434742987,0.9451586960571954,0
-0.9346491956405899,0.21142679838959208,0
1.3209919487418467,-0.7178048698480247,1
2.034194784435767,0.07220920390700247,1
0.5324575325994192,0.9314293223937526,0
-0.4722625973965752,0.8301794009957256,0
1.0373925203705827,0.3484139898604491,0
0.4325536139319048,-0.43823348432923565,1
0.49528942824508737,-0.552384918011974,1
0.7995358965286409,-0.6770849347088992,1
1.2810685350678603,-0.6530275155430219,1
-0.9631638538649044,0.2699649536581261,0
2.006771964870772,0.3507951267255775,1
-0.1868524990393579,0.9514115333947096,0
-0.0059652602792966,0.19013806400854152,1
-0.19186623629441735,1.04947353566583,0
1.922548125665288,-0.16578637489768988,1
1.7860829887747143,-0.39086418050042526,1
1.8467631581147141,-0.2637566870714514,1
1.9995268525814593,0.212496950043064,1
1.9946671822949533,0.14037590485591409,1
0.530029028079058,-0.5158537981131478,1
0.26776479782338064,-0.478456168298019,1
1.4497106278885428,-0.6720891616242886,1
0.42053012716664884,0.9352272546633835,0
2.0667080514471894,0.15783476263435492,1
0.7638366738207478,0.5181970708664216,0
1.7085560854813928,-0.40316622681367476,1
-0.020043201369891572,0.17040162054696795,1
1.7754894611940093,-0.24985427141896047,1
-0.029522692118827708,1.020667037978705,0
0.42515858928676076,-0.6140264127433197,1
0.32210516979162584,-0.3604199056503548,1
0.8657922120723236,-0.5803120756754387,1
-0.36340552894992795,0.9198939034912701,0
2.0685802416435393,0.2404176728446048,1
0.10074220559410853,-0.09022874779250592,1
1.917027406469907,0.0932265382320754,1
1.0633029011241706,-0.6994719237660334,1
0.8083291302034371,0.6032891042813924,0
-0.8257935141873609,0.6575872697545365,0
1.0419947392230497,0.10972035088640592,0
-1.0757715476899241,0.0010547951005028915,0
2.0011205907136858,0.1784602238223478,1
0.5853637842456209,-0.5877587791898973,1
0.5870315727990946,-0.5550289358047458,1
0.7906238157506311,0.44999693020903414,0
-0.841416602378873,0.6750660104733999,0
0.648153043595359,0.7621635279222004,0
0.3672675193570289,-0.4147726882606122,1
0.33662546171442254,-0.5544642743826259,1
0.7822841501321538,0.6240264503766864,0
0.8452010986960761,0.3217447494833742,0
0.9421699266170263,-0.6358161736889177,1
1.979873950964354,0.03865594445450399,1
1.8870371431458,0.04878851286486875,1
-0.24711194753777865,1.0041972086128768,0
1.8363116324283677,-0.31184129111706127,1
1.0389448276680693,-0.7012341955881198,1
2.0036202405330177,0.0191635619043924,1
0.08241018400806095,0.2998086577996401,1
-0.9762009874211816,0.12330261883363786,0
1.8799513034682298,-0.17133510681732045,1
0.104666376013405,1.0134511904027252,0
0.15783363447265497,-0.22348266982033638,1
1.2314871685486815,-0.6478444749800725,1
0.260762348932934,-0.28549811555867427,1
0.7253123974409031,-0.5843801183549308,1
2.0184029971045896,0.12690316625399636,1
0.742905154514413,-0.6817705417020121,1
-1.0084050505881272,0.17579029096435733,0
0.0061797299833262695,0.9445279156157852,0
-0.21464774755651833,1.0024216452479435,0
1.185274803245507,-0.6882461098937606,1
0.7309132930562399,0.5828410229072686,0
-0.7768789177966291,0.49276573654558814,0
1.8513160572691056,-0.08127317200805824,1
-0.17572697706802828,0.964786390884287,0
0.7398949155455022,0.7448411743064878,0
2.0178395924268093,0.31207966935327464,1
0.9121780917135487,0.42440287190635717,0
0.07073240538577635,-0.20414661515952234,1
1.489650397623122,-0.6255957379895674,1
0.9308873634954076,0.3945180489465868,0
0.6509494401251519,-0.5418962594842978,1
-0.015351642732860979,0.24641106817364056,1
0.8393822243384336,0.4482584250841255,0
0.9842221832047847,-0.79873388001927,1
0.4171572725953453,-0.47332863770747086,1
0.39217726048814966,0.9521976967495681,0
1.8949974974147836,-0.1336449799795673,1
-0.855838547703874,0.5179472950739007,0
0.8483817467836099,0.5101981605443201,0
-0.9512227824562054,0.24809574253966243,0
-0.2039452025620554,0.9924275849436757,0
-0.8773820821888024,0.4522328161054483,0
2.0311168860948734,0.27202169057860454,1
0.7439684947267649,-0.6722563401680398,1
0.9290208661013027,0.18126054628019833,0
0.43028779574676307,0.8822936533504755,0
0.529236197884209,-0.6295276864695143,1
-0.17323280075117972,0.9489489984071945,0
2.024519714861078,0.3091640879305146,1
0.8757396499433732,0.47987244376952415,0
0.4772689680738986,-0.5196917349185576,1
0.07515713527150643,-0.0625625544533523,1
1.985343504490481,0.048156867110168804,1
1.9059406857069936,-0.29934785159122673,1
-0.6173013398266725,0.8598961228609332,0
0.9845692857463284,-0.5576483820033183,1
-0.9271500322937212,0.3336235840154264,0
1.7638177498296506,-0.27995481323638255,1
1.7952212839277362,-0.31729571074889407,1
0.7086059864307577,0.6768542561767372,0
-0.24910944068744906,1.028325708248075,0
0.5830501695585676,-0.5689738368677785,1
-1.0077273254810104,0.2673139805007295,0
1.7098374565043069,-0.30122160157235867,1
2.0078539212408746,0.1444608469675812,1
-0.1085546763859481,0.9974402467693566,0
0.9193758424326295,0.24214676251172065,0
0.05925982551600807,1.0626110619180862,0
1.8717611417882796,0.01128312826180973,1
-0.23880876832996645,0.9489915072744727,0
0.6778957056378296,0.7530748576324922,0
0.8426964471316626,0.6968478054756918,0
0.7996655465763586,0.564399609968546,0
1.3963811693980397,-0.7338838881070143,1
0.9083356708573198,0.13342649929585967,0
-0.8124074837337001,0.36204738662001656,0
-0.22731631796129378,1.0180017809435193,0
0.9246095260604315,0.3134709005129579,0
0.8795118400617846,-0.752727781922577,1
-0.8826004731675068,0.2749884759859288,0
1.4230024927231857,-0.5886040274845887,1
-0.028998937046418566,0.9600334337665578,0
0.37698734774346937,-0.4686777390896544,1
0.638947205374325,0.8648065026834307,0
1.4351266632987547,-0.6275753735102216,1
1.0349950391681937,-0.6268654878904739,1
1.5846047442371831,-0.6162641968710447,1
0.9532668682295662,-0.6477237632102425,1
1.8848260911069392,-0.28059015471625026,1
0.7836594690542593,0.5047709791981952,0
0.28218393935050823,-0.2899465196350889,1
-0.026719573234985333,0.19590004172682832,1
0.3278970544823525,0.9459329296927496,0
0.8067299620365858,0.5474795134197531,0
1.4121152628595866,-0.6638160015086741,1
1.9599592815749398,0.14128329967965514,1
1.4189592567490998,-0.6618316513183898,1
0.8339038608559333,0.4777977639818771,0
0.24095987579508382,-0.40944709350447434,1
-0.10332757128793592,1.0165546987584595,0
0.9536218624612497,-0.7130061422679724,1
0.6425502202092749,0.708869949162561,0
-0.9759619824151325,0.36307619385573464,0
-0.8955723236082123,0.5467123875607792,0
-0.22030581073904615,0.9585352963841796,0
-0.9090436176472083,0.4163232240149757,0
0.8293232006612066,0.5409968949561014,0
0.04251468757219653,-0.018055852038703323,1
1.787560646540618,-0.26768215670601536,1
0.15865010593316847,-0.2863105916137035,1
0.9487580509150457,0.14302225938183488,0
0.21300889030266762,-0.26141991670960163,1
-0.05177782386061976,-0.09075134251259771,1
-0.001683585459827247,0.9602995415240589,0
0.7120376159298197,0.6480974066862886,0
-0.20604461136521116,1.0522347314973264,0
1.070357792786904,0.18670610101667803,0
1.4135787735258938,-0.6556658386707934,1
0.18874534995899417,-0.11102020322563805,1
-0.9276322556258256,0.23103732280047048,0
0.5137933995594335,0.8067388297748802,0
1.0564098934964978,-0.7271823836785929,1
1.8561089064173626,-0.17069797816869642,1
1.623682389756363,-0.5390547909676584,1
0.22804559440636382,0.904130569104784,0
-0.7893583771663765,0.5351908953789054,0
0.7085499221308423,0.5223002262987139,0
2.0820759966882783,-0.020798203069505083,1
0.2801260998238227,1.0449854428006662,0
0.9329793606290339,0.31807556363712086,0
0.9497439443149223,-0.7138855020236523,1
0.18177817236445237,-0.30357552411071753,1
0.9876000821624349,0.2917825875494508,0
1.802314995761263,-0.2800192592991632,1
0.25365632925276665,0.8381885090300626,0
0.9619317184785485,-0.6620815035922848,1
-0.7904664262468621,0.5570780073905335,0
0.7919461180111833,0.6549501692537377,0
2.0937121584354896,0.14317072308054007,1
-0.6681623535205975,0.6425411316320355,0
0.1857536855180564,0.9668216624872134,0
0.4391350097949915,0.9538941892962686,0
1.486023579439167,-0.7322941371565186,1
0.05934289708538219,-0.21911335923559047,1
0.5477252427210798,-0.47288605427688585,1
0.6121021517962004,-0.5717710548304641,1
-0.4390829250361945,0.8795756079679743,0
0.2826076443511951,0.9827723887149921,0
1.1211067393251832,-0.6982206959063588,1
1.2006649900642068,-0.7321488961009711,1
1.0210044535335172,0.1481796386007983,0
0.829688428035811,0.5724897942333245,0
-0.35091898802855215,0.8839116071137328,0
0.9099686447453116,-0.6776573489839444,1
-0.37900135648381694,0.8570150738559983,0
0.6584646224193503,0.6935584301630793,0
1.947516906680286,-0.15758816100147519,1
0.2975060079560899,0.9124869887647662,0
0.7138035708292245,0.704932819531695,0
-0.16023462567907934,1.0051631560061387,0
0.14514111159914014,-0.2936683748043229,1
-0.8906487873973123,0.40246633314366415,0
2.074963523530275,0.27453085961681606,1
0.38555290378608925,0.9451628153335297,0
0.19264156130311919,-0.22469017033600278,1
-0.059425599867072826,0.08970304574772132,1
1.779592707583829,-0.23722961739104356,1
-0.28486751581722314,0.88783880469005,0
0.7262175370954513,0.6961977654494036,0
1.2043245969283916,-0.626992406512071,1
-1.0673769437929888,0.08164614735091902,0
-0.8206874627915831,0.6471478256531821,0
1.6150534564807262,-0.42366708705098743,1
0.6979640392273103,-0.5744523940595917,1
0.38871816970330875,-0.5159719206166371,1
1.5442915224436902,-0.5077177607390991,1
-0.9925741263738692,0.18932451634252478,0
2.0768373810477523,0.10324356250111921,1
0.3451251208246238,-0.43190703891064924,1
0.9524023055086429,0.38927826115191366,0
1.9486381375686048,-0.1743280662957713,1
0.9386599385727432,-0.7209681285778633,1
1.4874780368008684,-0.5842724185752638,1
0.5974176502569352,0.8066635774528563,0
1.1100395828114489,-0.7390249235556294,1
0.31354193915026135,1.0386077559359965,0
-0.4859613934891736,0.8325773135534806,0
0.38767856127893174,-0.5199294147990646,1
-0.9313815387468568,0.4719270648690342,0
1.8848015081978906,-0.12805344181413564,1
1.8205965196941971,-0.3116353082826803,1
0.7603645559305174,0.55505444318841,0
1.556304729938291,-0.5562329963360234,1
-0.003166724756366625,1.0098949966023116,0
0.4380120071304552,1.0141261770129937,0
-0.8815433145523438,0.720579383943282,0
2.009283292137276,0.13088789372602638,1
-0.040024954386164824,1.072716584968645,0
0.08368090801252345,-0.13553754366029935,1
-0.9475173735272003,0.03585543358053999,0
0.6762660152715578,0.7066603567046935,0
1.6033070527005981,-0.4193204495872646,1
0.7510901102367156,0.5088809586385693,0
-1.0108992109748813,0.1171571593232685,0
0.09854563959963981,1.020668344191701,0
2.078852618621915,0.27143103105143396,1
0.4379907097867723,-0.5725439244491782,1
1.0204833268971076,-0.6982261578702468,1
0.4324945439268795,0.9966022750981116,0
0.12415204063042493,-0.18756442900523942,1
1.5380547625503318,-0.5622814233371124,1
0.42543401022743144,0.825436661968044,0
1.0559183539406827,0.10574933854448354,0
0.4374397699667316,-0.6005414319483819,1
0.4212829795920533,0.9664149594549222,0
0.12268377338664022,-0.21330439165305487,1
-0.8705651682551625,0.3086102569480269,0
0.4753181861885038,0.8431369627457747,0
0.08928114745751903,1.1260119793628933,0
1.5089203503594741,-0.6010712307974827,1
1.9561274737786454,-0.08587642584889288,1
0.1044528326099416,-0.2368124597724612,1
1.9985594572308327,-0.07393980593175331,1
0.9628546894664244,-0.8266529733864404,1
-0.6784975441232228,0.7096401512968086,0
0.955411181555431,0.3740998000298672,0
1.8353562837165196,-0.20253211796452625,1
-0.9053318562978786,0.5857942569855809,0
0.029893588482515016,0.2180837901630409,1
1.2553557340266726,-0.6634911154505261,1
-0.5503284210158689,0.8544949981813077,0
-1.04778818696187,0.19497536375600438,0
1.028357671896926,0.15737740235806535,0
1.9802686478674425,0.12900031810825238,1
-0.3973881640577479,0.9182848853013054,0
0.27780738663293497,0.9189505953234604,0
0.44338851562187687,-0.4896131867754017,1
1.699545662283716,-0.49712256516598946,1
0.27186483085522484,-0.3733759199914739,1
0.128139710339035,1.1332883897231507,0
0.09595085910496398,1.049615776144996,0
0.6198007418371058,0.7002295927750772,0
1.929855726135282,-0.039541029219139476,1
1.2560461493526727,-0.6012979818824009,1
2.0788067451732397,0.1561996347203397,1
-0.8071078919061576,0.727677745756329,0
1.5050024153669812,-0.5295835970659231,1
-0.0005667074364500782,0.23023033523231162,1
1.0374959709504947,-0.6477086969305019,1
-0.7379574482592378,0.641798225899975,0
0.4214252591687179,-0.5297617838428362,1
-0.07103096407969771,0.15378761970006807,1
1.6879518173469283,-0.3559746535591028,1
0.6182353090845426,-0.5476442101258279,1
0.5568876264154055,0.8995469577505644,0
0.9904552273146345,0.21890528630829592,0
-0.38884066776886234,0.9385610432591412,0
-0.6962404860910293,0.6131711491813976,0
-0.32617412457623857,0.9984975729653163,0
2.0477482391936555,0.27366104533908253,1
-0.0853068238280252,0.9568525686082784,0
-0.6225091191104754,0.785136251050849,0
1.8198197506465548,-0.30751523467871855,1
1.3855558751737238,-0.579015002375969,1
-0.9300880742230697,0.05039304105486862,0
1.4876790418943375,-0.5712019824580997,1
0.5840543595282847,0.8051650436982623,0
-0.4065107013597433,0.8163044561539702,0
0.02729784790867524,0.9522889381177025,0
0.06899837404542691,-0.1153993468918698,1
-0.3819382256255861,0.9266363477810229,0
1.9423659262040232,0.12046281567404248,1
1.8687865565134405,-0.24686165368345275,1
0.8134154225403086,0.5059614263737023,0
-0.020265894293792358,-0.11567278695704909,1
-0.9845656036021053,0.032479968868352,0
-0.8755128002254418,0.6005693097747071,0
0.3792589829150576,-0.38819277526190454,1
-0.028863517639839437,0.11224231376636185,1
-0.9790282297791767,0.23071487564752796,0
0.03108996927514935,1.026527690340742,0
-0.6214532261431699,0.7303092952343821,0
0.28146067549333,-0.40711918754162224,1
0.12908761339657124,-0.24763990060012045,1
1.88874743213302,-0.1044813311407394,1
0.23685333512386303,1.0077643079172396,0
1.0281558756204414,-0.7468036172301488,1
0.30371852220224316,0.9686085801909009,0
0.029680252124698728,0.1531978736759832,1
0.09180290510872624,0.12339485338590842,1
-0.663829908557324,0.6281776952056013,0
1.7822204807299542,-0.26194382615885753,1
0.3519092863518406,0.9607276103259106,0
1.732359099202462,-0.3637598719728705,1
1.0463661392473016,-0.7443308615832256,1
0.930901130993194,0.1860340492931547,0
0.6687964940441683,-0.5009094672927692,1
0.28375832755130603,-0.3018060471490051,1
-0.8806477615917734,0.37373097972243874,0
0.629797245243394,0.8321272276022093,0
0.6872356330512785,0.7077137467669974,0
1.4902921949608412,-0.5615777207266772,1
0.37849502473565,-0.3598816814340535,1
-0.6557770905444119,0.7906591108058117,0
1.312081338865855,-0.6411576716685915,1
0.9547621073046031,0.2068831937087812,0
-0.07165962243696279,0.1168172961426706,1
0.03874998606530458,1.0713552147138308,0
0.8074131051287844,-0.6876811794975847,1
0.9987105329414202,0.32129954722800624,0
-0.5278786301756141,0.7406383048355616,0
0.4041103591629398,-0.47622492486681356,1
0.030602953667824104,-0.03912809273382561,1
1.7192927658685233,-0.4319322311111584,1
0.736658358954128,0.7299829622739183,0
0.8143735470608118,-0.6318398727064536,1
0.27981081113105316,-0.41076035334118804,1
-0.7327250498931593,0.686147988408907,0
-0.5799962395583174,0.8661942769050535,0
1.4690154669753313,-0.5380752982224892,1
1.0526650576233587,0.1827143495135362,0
1.632485006153283,-0.5763102268258188,1
1.5347758517223682,-0.502914257076047,1
0.07723799081091778,-0.028950309769827737,1
0.882696438168263,0.620787856491001,0
0.10289034057558905,-0.013678789771555792,1
1.024274743906786,-0.6220677205074522,1
-0.5396125431165861,0.833255874184591,0
0.6738446607591618,-0.6594275494611066,1
0.026419234114346383,0.17132689383916933,1
1.1560483928367928,-0.6489406062023305,1
0.09065917579164862,-0.003058660536631355,1
1.9588394490222658,0.2253620523058655,1
0.78285024003044,0.6540731409809112,0
0.9058623278423164,0.24342485711689654,0
1.7430520796432027,-0.3386288400671184,1
1.3168969116979348,-0.582773863406619,1
1.8420557390448522,-0.2736179037099077,1
-0.9157369749045892,0.29934114721956195,0
0.12273494984168516,-0.2220029524621819,1
-0.168845721003757,0.9333685178340597,0
1.4766272551579787,-0.612196147845609,1
0.16054712482865358,0.9638151698735565,0
1.2486354281263516,-0.6629457178576449,1
-0.18153215767488665,0.9262557085651356,0
-0.7202222378231117,0.6569972058677868,0
1.969097018771257,-0.09068072015270852,1
0.6430690941437862,0.7497462880480237,0
1.5129941901691424,-0.6138319601743683,1
0.6683847029368991,0.6828825950400972,0
0.5685632896794751,0.8286847964612654,0
0.11673520291786635,-0.1358623686339359,1
-0.7794444941015646,0.6224466426002234,0
-1.0125373946473484,0.05975165179158756,0
0.6791521132488527,-0.7944979327436829,1
0.42775629144618516,0.9406978251067611,0
0.14012845415662994,-0.2050207733626725,1
-0.5236205051246055,0.7737080867087777,0
1.9335598924653992,-0.20489187990885135,1
1.0078911165953246,0.0446438630671713,0
0.6688555982803316,-0.6308282476366699,1
-0.9887264755796127,0.16995521518789025,0
0.8703780197078226,-0.7056542226585296,1
-0.844105311877292,0.46432914376634066,0
1.0035039119016878,0.22166696070570602,0
1.4337538642236805,-0.6072722679622398,1
0.040434058441759936,0.9736680554427196,0
0.9510367951881946,0.4948168067131792,0
0.5254174276503398,0.8532449742382918,0
0.2294076739891767,-0.3203372208153328,1
-0.14274291071486345,0.9664268773219445,0
0.34123667604249425,-0.46896719158059136,1
-0.8542417931369721,0.012168950103877696,0
1.7217699736412193,-0.35249503825516687,1
1.4864708497496482,-0.5504606533632832,1
0.9551995570150398,-0.00962476568482648,0
0.13989246934363814,-0.23817488596392322,1
1.0327749938669224,-0.7170045715126757,1
1.2535941447156305,-0.6907781282457931,1
0.3891451526973431,0.9473493374856092,0
0.7767004097744501,-0.6670213974930587,1
0.7651013441637459,0.6119430719584064,0
0.8619241177138812,-0.6709599248455216,1
0.7685235961322344,0.6610682228341537,0
1.0956018495695168,-0.7226161797616132,1
0.15302820581177728,0.9148422564535182,0
2.0247787212445716,-0.1290244625109742,1
0.13418640087716327,-0.12172682624904116,1
-0.40540559570824336,0.8808822807085096,0
0.9395641236121097,-0.7128999012828758,1
0.9578240664119627,0.1743483093835184,0
1.7109149016930862,-0.43834600096586573,1
-1.0045601248175426,0.33520502265017793,0
1.4589151607883295,-0.6343758720554498,1
0.5535954429085245,0.8627481724596658,0
0.9509023263488965,0.4388736063643258,0
2.005744460776563,0.15229253738333426,1
0.5794965080857869,0.7924354274560005,0
0.8131527427111509,-0.8115784414653889,1
-0.9093172799282809,0.33611719516356325,0
0.1445961652534909,1.0060334236119877,0
1.1938018783184945,-0.6387616264266494,1
0.8730699749388012,-0.6610674715932372,1
0.8708572746483898,0.4026669412722384,0
-0.8161233568907971,0.6276595495679536,0
0.09113380770243087,0.0054494020418039794,1
0.7272358385253284,0.5850155779291321,0
-0.8983311652489409,0.40928863467862153,0
0.01745031203696265,0.9370208109391763,0
0.13278100327893408,-0.039640799551927446,1
1.2150297003996666,-0.6698065757720856,1
1.6990159914263963,-0.40945242059262643,1
-0.2331185278461477,0.8847236342879589,0
0.1869823724175772,1.0493762878939725,0
1.778124790742504,-0.31054432163664863,1
0.9401834440210889,0.1357160755755733,0
-0.023001526723678077,0.2881592815376716,1
2.1002500494565606,-0.042111556028198494,1
-1.00432732676124,0.2517804192166382,0
1.357488114313742,-0.6564604035210103,1
0.958618151510088,0.5126020515288285,0
2.110844738101556,0.287051492769232,1
-0.7635460200342659,0.4135039159787177,0
-0.9738501839887754,0.2590311529120791,0
0.9168844750534917,0.4997768980090117,0
-0.9232766215556353,0.03656710701935045,0
0.8518413872282775,-0.6424785188980736,1
0.23651354852825485,0.9898760421815369,0
1.9852136834337206,0.21187064937102928,1
0.02303440132571615,0.25784047931367354,1
1.945665656036392,0.16434653255962517,1
0.18972731356054023,0.9772232511275929,0
-0.8740079685727299,0.46241344744974927,0
0.46176229770450855,-0.5141767691939599,1
0.356058049730862,-0.451768216508618,1
0.8259669182516721,0.3927479864039457,0
-0.26717395443580344,0.9751308499008928,0
0.18032139657686436,-0.2370800263618425,1
0.1304537482303978,1.0645684992109308,0
-0.35071599900041756,1.0061226972409154,0
0.05728240740372339,0.03348349139147716,1
0.2811425708462451,0.9411331951657437,0
-0.5680101091407318,0.7095987341029191,0
1.2319482688295194,-0.7615655598713308,1
0.12278848212137233,0.02353554444006245,1
0.08269816586358403,0.9834182850856671,0
0.1420307412508478,0.985259665996116,0
-0.9391128292492982,0.24557066619942597,0
-0.9663327114276639,0.5161117051940534,0
0.17173892302291194,-0.15359807033567302,1
0.8189151571796476,0.5986327466694523,0
-1.0992750162780238,0.18070202300748034,0
1.8927196017670722,-0.045035639464425944,1
0.7127281514617267,-0.7179391108983637,1
2.002143462713476,0.18554010782522135,1
0.5322587909530105,0.7739536391869702,0
0.4928686666211175,0.8136759861695961,0
0.07966169727566721,1.0256091581256472,0
-0.9093360928547201,0.18891836265297723,0
-1.0330419704445808,0.16485708124100104,0
0.029748635959598327,0.98352603175027,0
1.3629986782685766,-0.6431849165005737,1
-0.9262261264314214,0.4608429886165014,0
1.941766534673683,0.13554909793096007,1
0.4160257170632501,0.9497219307487887,0
0.27067904771910245,-0.3865062083119302,1
0.48025353955558275,-0.6374444209004124,1
1.5611033433521215,-0.4924269241721211,1
0.13548970647214648,1.1264722029849632,0
0.7913469354842996,-0.6412199621564296,1
1.2262092696132587,-0.6375450100157111,1
0.7685201011219773,-0.6614555644396846,1
1.4525856405279032,-0.603656951375926,1
-0.9774772133494652,0.022351054735786663,0
0.8238790730383938,0.5661457633288991,0
0.23791139346357706,0.9659134067220896,0
0.046422591520248566,-0.03162125197854978,1
-0.9603197121914587,0.2009236652178759,0
0.6889304530439453,-0.6450136413807102,1
-0.7297937512580175,0.7012202474044601,0
-0.8108460999665201,0.5098595062182967,0
1.4897028750832588,-0.4930775947301574,1
0.3757074303018432,-0.45272357943054137,1
-0.9691838878463613,0.2751377275383299,0
0.051539469502072124,1.0750475923311327,0
0.2530937498729233,-0.3455396065709926,1
1.8595571887766462,-0.16814903027830827,1
-0.5966942288162863,0.7710990785611499,0
1.915696158860787,-0.2600300433214215,1
1.813117010517478,-0.37337930053973367,1
0.911143979751046,0.4751841294514333,0
1.9039056464155806,0.14986395177776987,1
0.963700381296157,0.05717273031124472,0
0.6597095412194569,-0.5931810617235792,1
0.9053554052786653,0.5759757542550697,0
0.8294595508930526,0.5998997892936895,0
0.26479130499445536,-0.37024454644892196,1
0.6819464460771754,0.7088380557762141,0
1.8163301890514758,-0.028455242675744508,1
2.010382185825596,0.21208054444458305,1
0.901431951683478,-0.7062330655862153,1
0.7214299050495383,0.869749851223494,0
1.8052033883154839,-0.26447375710401766,1
-1.099847239164475,0.029950488969185063,0
-0.794028292327169,0.6045747581782056,0
0.9340171980805967,0.12887658427634202,0
-0.986447528300376,0.37408024620713815,0
1.0921533103909349,0.10710815810010421,0
0.42558417961754835,0.9678537887990826,0
0.07646998081452683,-0.2591376749800566,1
0.14562074206026,0.9317267340083978,0
-0.028997151135787935,-0.14560685997584166,1
-0.3182174175679375,0.8925279767903023,0
-0.4329735538214813,0.8686453977228039,0
0.03911283717960502,0.1996639265227799,1
-0.41250005374646576,0.8560080129003576,0
1.751056788439031,-0.371436917051895,1
-0.47066416662297683,0.8721914923672547,0
0.8766583194074798,0.1873468205948056,0
-0.2453483941298126,1.0456611277442396,0
0.8215925166849958,0.46168623584088003,0
-0.6962004346308125,0.8375786424168031,0
1.9322118582879797,0.2126659246967091,1
-1.074139960081243,0.14332501876502446,0
0.895918160450078,0.3895688521297116,0
-0.607661103633153,0.7478302470384628,0
1.6974208251972467,-0.45169441628284673,1
1.6968667363874725,-0.37021332046268046,1
1.8291936846781827,-0.22902263354688424,1
0.026535244513860214,0.22054822749538217,1
0.7211944795654087,0.6155617993309628,0
0.29047733985154833,-0.49279676933248395,1
0.35523573134496195,0.8917094247254634,0
-0.0706596628510916,1.004386160898307,0
0.6832522865725137,-0.5874154490966509,1
0.0018217057884517295,0.3702161897488552,1
0.14819579262951557,-0.4340159781023503,1
2.1169088730896894,0.24689054733164556,1
1.8776588487416777,-0.20027531924516934,1
0.6113965070125602,0.7822460549140169,0
-0.8663189741223202,0.36959760346402515,0
1.324002851250292,-0.665238363752042,1
1.2898719926931517,-0.6508434511296494,1
0.15383158502905311,0.989738612800485,0
1.1860067594758406,-0.6773603641298114,1
1.1853771432522315,-0.6688305056070832,1
0.6196719782279275,0.7115581673744011,0
-0.8758626307676276,0.49927205659384394,0
1.5619869322193798,-0.4902645706506788,1
-0.9918668953056998,0.2285926067462942,0
-0.7664716663120091,0.5600580463624523,0
0.6405129996197703,-0.5938168683081753,1
1.0671791351761892,-0.7674868098664382,1
-0.946575868090973,0.3532917090512516,0
-0.9932996716217446,0.12183063503214853,0
-0.1861170017744004,1.1160385757835125,0
0.9428457733096962,0.29919181714582493,0
0.9185449475052643,0.0018791975124083996,0
0.3055868285157427,-0.4164257642618761,1
1.1541869094515116,-0.7218436466543771,1
1.0145228149705587,0.09567838035955144,0
0.8001966455408416,0.6257862419845789,0
0.6267444222970762,0.6760210608174329,0
0.884041247930122,0.18956908952158646,0
0.23525056504644157,-0.4064845697428182,1
1.1549501619496845,-0.6148462987118857,1
0.2504017653719499,0.9056675075247146,0
-0.94772158663366,0.28401136486565565,0
-0.995922224299093,0.2002873315490396,0
0.49615793814717835,0.8795994541745665,0
0.7481013503220565,0.5818536137025312,0
1.662579405591709,-0.41436563133354365,1
-0.9218665287756689,0.3463215383955762,0
-0.011981181133466329,1.058506543497971,0
-0.023789632275153703,0.9473326088804143,0
0.2703519470385819,0.9704206777112233,0
-0.6979622304742344,0.6636485491851968,0
0.9163727642468874,0.5529359743291234,0
0.036236233834815265,1.0194861389321426,0
-0.9722941931821988,0.30040318975839075,0
0.9794370232113725,-0.7290673371071995,1
1.4862492814749078,-0.5954496492632417,1
0.559776927298424,0.8515952991693113,0
-0.8930599166217701,0.4924670920865089,0
1.5052730519316562,-0.5431618069087378,1
0.8519570622183509,-0.6496346214329667,1
1.3444080090906008,-0.6009974167483776,1
1.445443723717898,-0.6152847876262743,1
-0.951142420476126,0.3728109839073737,0
-0.9364632786029787,0.5137947807545611,0
1.6361576508156044,-0.5279700543364954,1
-0.19900896660676543,0.9469210082913848,0
0.7975540556458007,0.35206775353584,0
2.010731700094894,0.12730772291557474,1
-0.9433835537532806,0.15535971788379327,0
-0.006343653230267993,0.1309833831025657,1
0.9300228405389352,0.27026162407103993,0
1.35738399542752,-0.5380170049873227,1
1.5591467360467395,-0.5746384038906251,1
0.18955800772369977,0.9427268189044141,0
-0.01538157222816246,1.0105014048305985,0
0.15734110643640636,-0.4016651892061779,1
1.3816430912539033,-0.6206981367664511,1
0.1746415989087356,-0.36989825086905315,1
1.7627205126822387,-0.31725637069577856,1
-0.9966311450610016,0.18649193115590654,0
1.9654788049497784,-0.0878347889706268,1
1.6765855073944216,-0.46529756893272356,1
0.9603591941171362,0.39931847298185025,0
0.23822990929198518,-0.3652895007769598,1
1.4346492806234274,-0.5977670958585264,1
-0.9467960257119972,0.3049027807111032,0
0.28875304177867916,0.9278554227484144,0
-0.013178988627483845,0.20064322435084217,1
1.5013967632997858,-0.5278147365256092,1
0.026824856268122244,0.19604105323250876,1
-0.8461728409463745,0.3740051179145342,0
0.08113342854842268,-0.13862285710886466,1
1.715878305808701,-0.37033517982197983,1
0.9342357259580892,0.2582476973166202,0
0.6628673519924617,0.6257634479906276,0
-0.9198361501454696,0.5567299481393368,0
1.8535420279587231,-0.355438226031087,1
1.2395911042780194,-0.6524924104767048,1
1.7268653238712373,-0.44937092482939495,1
0.33423356475146754,-0.5667076155878924,1
0.9762003585797424,0.2973647545265119,0
0.06562296647120487,-0.1796272838266508,1
0.3784373981040498,0.9136524394507191,0
1.8036675744665915,-0.23955948850202308,1
0.21810999082150573,-0.21740479967834467,1
1.5708911394232263,-0.42195664046423775,1
0.07278725592004576,-0.02299017683767791,1
0.634099179679218,-0.6060701526809222,1
0.6128311431850364,0.790986199055314,0
0.29386720142418327,1.0162589252237506,0
0.720011482376072,0.7077129993791937,0
-0.4844354276645927,0.8762954300711082,0
1.0041373923195436,0.07708367237665623,0
1.7309826482893595,-0.3046205567637939,1
0.8519952205489462,0.4400581707052183,0
0.5050050220216725,-0.6328836680803671,1
-0.1435760678200257,0.8765757004084298,0
0.18763691666928337,-0.15332620182067305,1
1.8263758929545932,-0.21600479849497298,1
-0.44982500925916713,0.9053688364396222,0
-0.6766644878862094,0.7174738339258142,0
-1.0412415751498931,0.016067902459844567,0
-0.9616368971276614,0.3645009299547408,0
0.49733105365267294,0.9309939228541856,0
1.0910869675996364,-0.8121928112716434,1
0.33957741343518927,0.9753804598279343,0
1.6309716297891719,-0.4649653125183707,1
0.5002395884189148,0.7196904049304694,0
1.9104852496414542,-0.11856061710150313,1
1.5067385010114895,-0.5799727053006433,1
-0.38215608600755074,0.911562437789408,0
0.016631491625441988,0.22995823975741092,1
1.9326905529073002,-0.0661693500876876,1
0.21329160142328776,-0.3197026522865465,1
-0.9206168088933009,0.1288986686990949,0
-0.5521905418890409,0.9228464276764496,0
1.50038840844174,-0.5147533920831088,1
1.7121780749877156,-0.41894291335219314,1
1.0223618657274216,-0.6636780257842343,1
1.6618961334845985,-0.39113620797841664,1
-0.7952505051735006,0.6316989840637885,0
0.1430740085033404,-0.1571598642326102,1
-0.7418838035136734,0.6885586050015403,0
0.7701181253605707,0.646271670005395,0
0.8299672301079453,-0.5847623366217602,1
1.1460536011983875,-0.7266203154558739,1
0.6357255624880404,0.7275167121002546,0
-0.8842167881740951,0.08281833686176224,0
-0.031304728978822284,0.283475843614069,1
0.07794790634362672,0.9535329086589679,0
0.12318678340227124,0.16316382514513095,1
1.5262063574967897,-0.4841479762524619,1
1.0082395579071064,0.34373751680805403,0
0.94488442529575,0.3873723057431739,0
0.521971776531901,-0.5578495222240842,1
-0.217752541117065,0.9265945289666696,0
0.5194451992532838,0.8323052089971155,0
-0.11264688246712293,1.0343642215894144,0
-0.9781100389205144,0.13012009124173762,0
-0.9215762627400107,0.33093829846657846,0
0.3711159846000474,-0.6006665412694765,1
1.8980872823113135,-0.2230019292828576,1
0.2516204083066278,-0.3077234926643497,1
0.6741190605014075,-0.6058341418599227,1
0.3075688429431799,-0.5273244839585797,1
0.6940249125062536,0.7034857311508771,0
-0.4421946587590519,0.8302964919739195,0
0.8503263809607959,0.5638661661313454,0
0.44602424074141356,-0.4771919278222151,1
0.5827233101650291,-0.5808904120618474,1
-0.7495862872508239,0.4990000504657457,0
0.03485533706045346,0.9716715836249354,0
-0.012308816514892025,0.038832044906697984,1
1.403701967922184,-0.6835270137691323,1
1.0220611702654094,0.12306516859216718,0
1.806406392966293,-0.38433114093980847,1
0.11997345604467999,-0.1482860426145802,1
1.833459005852908,-0.31816074595315275,1
-0.23292195829465934,0.9597666441801709,0
-0.46713795478460957,0.8595615268436826,0
-0.36236722065527044,0.9008486196626537,0
0.947391814633223,-0.6483318685203792,1
-0.6596484125214622,0.7052707061019998,0
0.847500431170206,0.5260816936726108,0
0.02404942237636933,0.03544482060763246,1
0.0236078614642181,0.2866734741078849,1
-0.08974143807348715,0.9650672400180927,0
-0.9416964275422018,0.3461272564865407,0
1.878054665341864,-0.19222403293016502,1
0.7111399285719955,0.762478693753879,0
0.6897600369234207,0.7857695565406707,0
-0.6704363463205077,0.8146728832772209,0
0.9377383521847246,0.2561206373084204,0
-0.035577759994840225,0.16087024913883052,1
-0.6334603812292905,0.6241989358125342,0
1.3173818654386193,-0.6561670554546182,1
-0.32703148754899675,0.9163314427225442,0
-0.24179849708132312,0.8931220695677073,0
-0.5781599848529269,0.7998939394915453,0
-0.50231346664023,0.8984640415497779,0
0.07076376696069536,0.04329511010458046,1
1.0147530301556411,0.016478484538359074,0
-0.5808530927345393,0.7406196594490182,0
-0.31738663778765397,0.9702221671806971,0
1.722688906608663,-0.37639368157730596,1
-0.10314131447036415,0.9821937941361877,0
0.6354891348690043,-0.6884331610727867,1
1.2572555745371816,-0.7321208876425639,1
1.4579751485427481,-0.5864751974539926,1
1.8975762188824317,-0.029317729717757028,1
1.7868314823680338,-0.3176365654321155,1
0.9714122211881624,0.4587494782766048,0
-0.9999126127355001,0.21478383100901557,0
-0.3194806605397854,0.9480536142630788,0
1.2874810250360842,-0.6699302427271054,1
1.9223435877661343,-0.05679329944799564,1
0.5706800449804241,0.9145812744801218,0
1.125777101761366,-0.669979889925749,1
-0.8846763986802396,0.2670839904977296,0
0.4165754350579824,-0.5076754929850754,1
0.7154597341116372,0.7548834178113436,0
1.2848318989362963,-0.6361890810098259,1
1.9641190060530649,0.07532496086888445,1
0.47658613524324256,0.8335510450417125,0
0.6608430770756505,0.7307951406784402,0
-0.23459850641794877,1.0357270679959383,0
-0.2485691591848741,0.9554394962876844,0
1.2188283904507735,-0.695437752508192,1
0.05970303755861403,-0.033648436254866604,1
1.8232203775206288,-0.28760867162296355,1
0.8116541087455099,0.5556911644634537,0
1.1068472967067358,-0.7522883677142281,1
-0.666505963492174,0.7751270416203659,0
1.823868727722639,-0.22224099800596164,1
0.9239881243763737,-0.6981392162820438,1
1.0039769550847182,0.17124305860916117,0
0.9137236197899636,0.4714506584839623,0
0.743992534962822,0.5998610521667245,0
1.376659606602297,-0.5841964955762298,1
0.24119476585545402,0.9126184015273197,0
1.2947456082587259,-0.7244853101856885,1
1.1997386948800164,-0.5782018565607133,1
0.3253768378437386,0.9145752916098907,0
0.06668219027525035,-0.3222578245874931,1
0.020896228277312585,0.23010404703463572,1
2.0122219231551304,0.15299635055726268,1
1.8581289200760653,-0.17397188542240472,1
-0.07384441713744211,0.9913818069777384,0
0.8586690346365972,-0.6742934148439426,1
0.7943023404313817,-0.6534610472854343,1
1.867648170185578,-0.1378367927962405,1
0.1479288969448788,1.0149641123978475,0
-0.8072271913675925,0.6022792885576966,0
0.04259597553858476,-0.030755210724217774,1
-0.9948208297569727,0.21736658235562428,0
0.0841815754611217,-0.22258942797826803,1
-1.05900424610047,0.3024224389406807,0
-0.3573929639116996,0.8839876151631759,0
0.7899701838661818,0.5732040776802243,0
1.7759400755295243,-0.2295906592374904,1
-0.4665175136732948,0.8759298183334692,0
1.744712759303096,-0.4418621724639729,1
1.7533459842936925,-0.4124717439275646,1
0.6781935171020135,-0.6561303924425183,1
0.9241775943103475,-0.011150355189013576,0
1.6895407056055358,-0.4858195318081066,1
-0.9669539806373741,0.28247137329501376,0
2.0122873244862407,-0.019269322932337928,1
0.27491191881063043,-0.4690871751890402,1
-0.9463234139991459,0.4086318490460566,0
1.0451349013202742,0.1587485103715715,0
-0.7939585083500289,0.4902379000322721,0
0.9222816971835001,-0.6667511971560116,1
2.046168627552912,0.19047164892179322,1
-0.1540392110622002,0.9688043183206003,0
-0.9602330465921768,0.07736606458601039,0
0.9107739829109186,0.33447921602427416,0
-0.9564482581884967,0.11397047505009189,0
0.01872000968071698,0.2509732435346831,1
0.29740217360657667,-0.4619816311926353,1
0.7798313224927623,0.6816761275407475,0
1.1153691832512331,-0.6287048813230284,1
1.0492867163137425,0.2701805769725454,0
0.9064030678698803,0.4058302685158314,0
0.29466018463940397,-0.4385784142500122,1
1.9971169335531707,0.16222101132789568,1
-1.034062610764692,0.14233660037689025,0
0.5704942625689067,-0.7692125427515758,1
1.4293702744624601,-0.6531010518640356,1
0.8130066834543637,0.4962638287001668,0
-0.9496388607369722,0.16427477325100553,0
0.05375532550694648,0.18832283494136087,1
-1.0026584341816471,0.1673887082690768,0
-0.7420707360356311,0.5317974623476578,0
2.012003938927989,-0.049327895188161656,1
-0.9169165895710144,0.4610302682218293,0
1.4697067185306487,-0.6042741699438091,1
1.9694081744043803,0.01032554433927911,1
0.7972310213341501,0.5848099137908638,0
1.0576370345224246,-0.09605080930477772,0
-0.01273873231424074,0.29261197825275087,1
1.700683590967619,-0.42337525939989595,1
0.7635671301244633,-0.5859611351160775,1
1.887389617162175,-0.0971819684574238,1
0.6934138349782356,0.5966425841318576,0
-0.8726372664098222,0.5330840176870194,0
0.6973382674722496,-0.6798526362888258,1
-0.0016676913092737236,-0.02484315800396581,1
0.9399692409472696,0.27720854532274325,0
0.488045640601184,-0.5320099300197435,1
0.09419257851541936,-0.045823558244526365,1
0.25853433127434955,0.9146557307748713,0
-0.9722042214558337,0.3017246432910787,0
1.9075233090181039,-0.10266987304889262,1
1.9566338094418234,0.0928735622655041,1
1.1555479557206296,-0.7748958556866341,1
0.31074042706774996,-0.3870544035515754,1
1.8568139854320531,-0.14373946399415238,1
0.9519803587395349,-0.6275631927496821,1
-0.6697441185965637,0.6945033549967039,0
0.6744230266721242,0.7494567163636591,0
-0.6538934709144122,0.6578500214695812,0
0.4992960318663621,0.8650431077319299,0
-0.03153608394303253,0.30108749578509575,1
1.4032433806213807,-0.7038952464806411,1
-0.965721016580323,0.1805724282065084,0
1.9259713381894994,-0.19008100439653394,1
-0.9188414340061779,-0.00889962761480989,0
0.09043248155995565,-0.015099025471929602,1
0.9488751985410514,0.4100421822481648,0
0.18038830755942392,0.9502796766365096,0
-0.8740897493946148,0.524431713085256,0
0.5341228192447988,0.7762862997181929,0
1.9705302476183975,0.1392612549047037,1
-0.0211940935333968,0.21735293633223757,1
1.323464297810165,-0.6918230191272884,1
0.4379779652728712,0.8767727727658733,0
0.8350343491431377,0.2915954128460761,0
-0.6043445995146007,0.7019961692501198,0
0.6412664181703754,0.6644573224421308,0
0.9319593107687891,0.20765137490319915,0
0.43590059462016845,-0.5247006103171135,1
0.285412982148876,-0.4653940980225847,1
0.9597263408368519,0.38670354428163783,0
1.067840993382599,-0.6619885170344864,1
1.6772004729365608,-0.40383755995964915,1
-0.05346400718864763,0.976575569081565,0
1.8554671710924853,-0.2025787427648021,1
2.0546402002211686,0.1127134390220618,1
0.12790984251219464,-0.14138906814655305,1
1.9996013842654032,-0.09590837576860659,1
-0.8437362148897867,0.682807552051633,0
1.595141555258902,-0.5283277383804179,1
0.9902967317634417,0.31269363011596485,0
1.7116739739732847,-0.39893092418819304,1
0.2874831545592431,0.9774096175247563,0
0.03566247542589266,0.18132345186875623,1
0.8837508029726319,0.4830705923839837,0
-0.4889973260511893,0.8719355990665439,0
-0.18521977379290658,1.006516019556627,0
-0.33696113220683716,0.9820367253922463,0
0.1364610851630079,-0.05192242288802384,1
0.7961550899618791,0.48309530390583927,0
1.0478771820531179,0.1838752775936944,0
0.23627425995389023,-0.37901791031496324,1
-0.948989016984223,0.44820006711009497,0
1.1742360810547505,-0.6515416543331431,1
-0.10003637336767002,1.0157913600467803,0
-1.0781123487673538,0.08206604909376349,0
-0.9166823628409076,0.2341598086258511,0
1.9706635000015755,-0.08924582766774934,1
0.3428938931805533,-0.46169448709554317,1
0.5477588821434332,-0.5254150863921009,1
0.05864558125848708,0.21852589558449198,1
0.013675968172558724,0.23207675178714382,1
1.524582886558046,-0.5138424320786985,1
1.9356305625810184,0.09718779135683663,1
0.9426860256721064,0.3421534652099665,0
0.43762910215055567,0.9281489622447109,0
-0.0777774997300915,1.0053422656248032,0
-0.20041980534922116,0.9345025441212093,0
1.6659720892425853,-0.374592442652321,1
0.3759038845824842,-0.5071879907940757,1
0.19865892395304227,-0.3332796029104184,1
0.6317101152483185,0.7184250108141726,0
1.7634880612694555,-0.35405203085133735,1
1.1361201092241289,-0.7321131883527604,1
0.15642575477601955,-0.3366867423891955,1
1.9173704631542527,-0.13319273085461236,1
0.31709042466938436,-0.3658304480742846,1
1.4537978243556693,-0.5322680386813868,1
0.15425479260167932,1.0077651911169463,0
0.17763638651633457,0.9017834628167339,0
-0.17921282848582865,1.0557189865325296,0
